,CREDEM_VITA,AXA,CREDIT_AGRICOLE,REALE_MUTUA,CARDIF,MEDIOLANUM,GENERALI_ITALIA,BMP_VITA,HDI,POSTE_VITA,INTESA_VITA,CNP_VITA,ITAS_VITA,HELVATIA_VITA,VITTORIA,GROUPAMA,ALLIANZ_UNICREDIT,ZURICH_LIFE
,C0010,C0010,C0010,C0010,C0010,C0010,C0010,C0010,C0010,C0010,C0010,C0010,C0010,C0010,C0010,C0010,C0010,C0010
R0030, -   , -   ,, -   , -   , -   , -   , -   , -   , -   , -   , -   , -   , -   , -   , -   , -   , -   
R0040, 614 ," 68,360,009 ", -   ," 146,930 ", -   ," 25,330 "," 59,118 "," 7,194 "," 41,080 "," 1,659,986 "," 46,176 ", -   ," 83,043,046 "," 10,244 "," 128,367 "," 15,334 ", -   , -   
R0050, -   , -   , -   , -   , -   , -   , -   , -   , -   , -   , -   , -   , -   , -   , -   , -   , -   , -   
R0060, 768 ," 7,554,766 "," 51,352 "," 80,998 ", 62.98 ," 12,927 "," 381,963 "," 3,292 "," 50,147 "," 25,718 "," 3,928 "," 3,242 "," 31,198 "," 43,408 "," 135,682 "," 44,056 "," 1,330 "," 3,780 "
R0070," 5,155,576 "," 13,582,282,224 "," 16,856,446 "," 10,220,770 "," 18,748,321.33 "," 3,384,299 "," 85,377,106 "," 5,814,049 "," 5,485,469 "," 145,553,398 "," 7,555,331 "," 18,123,968 "," 2,903,010,811 "," 2,650,353 "," 4,433,979 "," 3,780,211 "," 8,664,295 "," 4,275,590 "
R0080, -   ," 39,000 "," 5,408 "," 58,894 ", -   ," 58,771 "," 1,568,426 ", -   ," 44,506 ", -   , -   , -   ," 6,084,789 "," 1,705 "," 90,963 "," 13,312 ", -   , -   
R0090, -   ," 199,634,278 "," 222,471 "," 3,038,155 ", -   , -   ," 17,561,053 "," 560,219 "," 137,335 "," 211,843 ", -   , -   , -   , -   ," 373,161 "," 4,973 ", -   , -   
R0100, -   ," 145,354,854 "," 472,889 "," 135,955 "," 223,188.27 "," 91,350 "," 4,034,485 "," 148,776 "," 5,904 "," 370,047 "," 146,433 "," 120,798 "," 24,660,078 "," 19,287 "," 159,424 "," 4,072 "," 68,726 "," 214,090 "
R0110, -   ," 92,247,429 "," 472,743 "," 22,312 "," 155,342.64 "," 90,789 "," 758,341 "," 148,776 "," 3,730 "," 365,049 "," 146,280 "," 107,532 "," 24,659,838 "," 19,287 "," 55,061 "," 2,601 "," 17,449 "," 214,090 "
R0120, -   ," 53,107,426 ", 146 ," 113,643 "," 67,845.64 ", 560 ," 3,276,144 ", -   ," 2,174 "," 4,998 ", 153 ," 13,266 ", 240 , -   ," 104,363 "," 1,471 "," 51,277 ", -   
R0130," 4,494,116 "," 11,249,079,343 "," 14,050,347 "," 6,648,854 "," 15,228,582.12 "," 3,148,251 "," 52,861,571 "," 4,238,180 "," 5,016,257 "," 112,021,817 "," 6,615,114 "," 15,864,448 "," 2,450,125,452 "," 2,409,262 "," 2,861,600 "," 2,996,401 "," 8,371,839 "," 3,435,231 "
R0140," 3,564,788 "," 6,132,009,113 "," 10,151,361 "," 4,427,132 "," 10,105,504.54 "," 2,888,943 "," 30,003,829 "," 4,238,180 "," 3,401,974 "," 90,338,926 "," 4,820,690 "," 9,998,673 "," 2,089,852,936 "," 1,780,841 "," 2,313,159 "," 1,382,614 "," 4,739,615 "," 2,277,547 "
R0150," 929,329 "," 4,259,166,355 "," 3,898,986 "," 2,088,084 "," 4,263,475.14 "," 211,928 "," 18,148,843 ", -   ," 1,610,473 "," 21,636,614 "," 1,324,183 "," 4,624,706 "," 256,671,271 "," 628,421 "," 548,440 "," 1,604,428 "," 3,632,224 "," 1,114,473 "
R0160, -   , -   , -   ," 7,728 "," 859,602.44 "," 47,380 "," 4,521,325 ", -   , -   ," 46,277 "," 470,240 "," 1,228,558 "," 103,601,245 ", -   , -   ," 9,359 ", -   ," 43,211 "
R0170, -   ," 857,903,875 ", -   ," 125,910 ", -   , -   ," 187,573 ", -   ," 3,811 ", -   , -   ," 12,511 ", -   , -   , -   , -   , -   , -   
R0180," 661,459 "," 1,967,108,405 "," 2,105,147 "," 338,091 "," 3,290,738.03 "," 61,503 "," 9,290,736 "," 866,873 "," 281,467 "," 32,948,891 "," 791,834 "," 2,138,710 "," 422,140,492 "," 220,099 "," 948,831 "," 761,453 "," 223,531 "," 626,269 "
R0190, -   ," 21,066,344 ", 183 , -   ," 5,812.90 ", 56 ," 60,836 ", -   , -   , -   ," 1,951 ", 12 , -   , -   , -   , -   , 199 , -   
R0200, -   , -   , -   , 821 , -   ," 24,368 ", -   , -   , -   , 801 , -   , -   , -   , -   , -   , -   , -   , -   
R0210, -   , -   , -   , -   , -   , -   , -   , -   , -   , -   , -   , -   , -   , -   , -   , -   , -   , -   
R0220," 4,735,704 "," 4,987,953,554 "," 8,867,232 "," 1,330,325 "," 5,296,009.28 "," 42,277,725 "," 14,195,972 "," 1,291,128 "," 686,670 "," 16,973,297 "," 34,852,800 "," 6,779,537 "," 1,733,583,602 "," 1,472,916 "," 420,389 "," 684,311 "," 21,127,379 "," 5,802,749 "
R0230, -   ," 226,919 ", -   ," 29,795 ", 59.00 ," 3,786 "," 622,838 ", 86 ," 13,197 ", 320 , 297 , 757 ," 49,989 ", 213 ," 6,672 "," 3,503 ", 740 ," 631,157 "
R0240, -   , -   , -   , -   , 59.00 ," 3,786 "," 59,683 ", -   , 451 , -   , 297 , 538 , -   , 126 , 107 ," 1,507 ", -   ," 4,197 "
R0250, -   ," 226,919 ", -   ," 29,740 ", -   , -   ," 6,271 ", 86 , -   , 320 , -   , 220 ," 49,989 ", 87 ," 4,977 "," 1,996 ", -   , 362 
R0260, -   , -   , -   , 55 , -   , -   ," 556,883 ", -   ," 12,746 ", -   , -   , -   , -   , -   ," 1,588 ", -   , 740 ," 626,599 "
R0270," 8,448 "," 645,889 "," 1,831 "," 128,497 "," (2,802.84)"," 10,956 "," 3,446,430 "," 4,528 "," 170,005 "," 280,157 ", -   ," 31,280 "," (3,197,840)"," (12,774)"," 74,165 "," 81,446 ", 840 ," 15,120 "
R0280, -   , -   , -   ," 131,570 ", -   ," (2,255)"," 3,442,842 ", 365 ," 178,195 "," 106,341 ", -   , -   , -   , -   ," 73,278 "," 78,988 ", -   , -   
R0290, -   , -   , -   ," 127,968 ", -   , (480)," 3,353,749 ", -   ," 176,407 "," 71,083 ", -   , -   , -   , -   ," 71,749 "," 78,687 ", -   , -   
R0300, -   , -   , -   ," 3,602 ", -   ," (1,775)"," 89,092 ", 365 ," 1,788 "," 35,258 ", -   , -   , -   , -   ," 1,529 ", 301 , -   , -   
R0310," 8,448 "," 645,889 "," 1,831 "," (3,073)"," (2,802.84)"," 13,211 "," 3,589 "," 4,160 "," (8,279)"," 173,817 ", -   ," 28,226 "," (3,197,840)"," (11,968)", 886 ," 2,458 ", 840 ," 15,120 "
R0320, -   , -   , -   , 40 , -   , -   , -   , -   , 188 ," (6,749)", -   , -   ," 1,716,406 ", -   , 911 , -   , -   , -   
R0330," 8,448 "," 645,889 "," 1,831 "," (3,113)"," (2,802.84)"," 13,211 "," 3,589 "," 4,160 "," (8,467)"," 180,566 ", -   ," 28,226 "," (4,914,246)"," (11,968)", (25)," 2,458 ", 840 ," 15,120 "
R0340, -   , -   , -   , -   , -   , -   , -   , 3 , 89 , -   , -   ," 3,055 ", -   , (806), -   , -   , -   , -   
R0350, -   , -   , -   , 608 , -   , 1 ," 152,806 ", -   , -   , 1 , -   , -   , -   , -   , -   , -   , -   , -   
R0360," 3,402 "," 2,109,509 ", 535 ," 518,701 "," 9,989.40 "," 2,731 "," 2,350,677 ", -   ," 122,628 "," 227,971 ", 857 ," 6,516 "," 12,843,702 "," 9,864 "," 288,009 "," 238,014 "," 2,366 "," 51,313 "
R0370," 1,878 "," 297,305 ", 611 ," 118,139 ", 214.25 ," 5,495 "," 135,888 ", 641 ," 56,057 "," 6,468 "," 2,043 "," 16,098 "," 4,319 "," 2,137 "," 33,240 "," 81,034 ", 53 ," 1,325 "
R0380," 190,609 "," 295,107,651 "," 342,208 "," 425,220 "," 334,899.22 "," 445,304 "," 2,302,075 "," 129,228 "," 137,352 "," 8,346 "," 542,274 "," 399,567 "," 66,335,488 "," 56,573 "," 200,047 "," 159,382 "," 853,373 "," 166,025 "
R0390, -   , -   , -   , -   , -   , -   , -   , -   , -   , -   , -   , -   , -   , -   , -   , -   , -   , -   
R0400, -   , -   , -   , -   , -   , -   , -   , -   , -   , -   , -   , -   , -   , -   , -   , -   , -   , -   
R0410," 82,134 "," 50,455,545 "," 137,749 "," 65,117 "," 80,769.99 "," 188,380 "," 927,624 "," 16,844 "," 197,382 "," 4,690,070 "," 501,289 "," 340,483 "," 44,614,721 "," 42,464 "," 70,184 "," 89,099 "," 77,253 "," 27,411 "
R0420, 848 ," 37,126 "," 85,099 "," 465,612 ", -   ," 287,338 "," 2,092,399 "," 2,914 "," 10,916 "," 2,355,396 "," 167,542 "," 60,719 "," 125,249 ", 806 ," 28,090 "," 151,684 "," 69,235 "," 2,263 "
R0500," 10,179,979 "," 18,995,030,497 "," 26,343,063 "," 13,530,712 "," 24,467,522.59 "," 46,644,272 "," 112,044,897 "," 7,269,905 "," 6,970,903 "," 171,781,131 "," 43,672,536 "," 25,762,169 "," 4,840,444,285 "," 4,276,203 "," 5,818,824 "," 5,328,074 "," 30,796,864 "," 10,976,732 "
R0510, -   , -   , -   ," 2,337,991 ", 19.08 ," 121,089 "," 10,321,118 "," 1,410 "," 1,318,493 "," 620,241 ", -   , -   , -   , -   ," 1,751,675 "," 1,709,008 ", -   , -   
R0520, -   , -   , -   ," 2,047,410 ", -   ," 35,435 "," 9,318,835 ", -   ," 1,268,266 "," 236,789 ", -   , -   , -   , -   ," 1,687,000 "," 1,623,432 ", -   , -   
R0530, -   , -   , -   , -   , -   , -   , -   , -   , -   , -   , -   , -   , -   , -   , -   , -   , -   , -   
R0540, -   , -   , -   ," 1,960,517 ", -   ," 28,601 "," 9,120,680 ", -   ," 1,227,186 "," 228,156 ", -   , -   , -   , -   ," 1,619,880 "," 1,565,964 ", -   , -   
R0550, -   , -   , -   ," 86,893 ", -   ," 6,834 "," 198,155 ", -   ," 41,079 "," 8,633 ", -   , -   , -   , -   ," 67,120 "," 57,467 ", -   , -   
R0560, -   , -   , -   ," 290,581 ", 19.08 ," 85,654 "," 1,002,283 "," 1,410 "," 50,227 "," 383,452 ", -   , -   , -   , -   ," 64,675 "," 85,576 ", -   , -   
R0570, -   , -   , -   , -   , -   , -   , -   , -   , -   , -   , -   , -   , -   , -   , -   , -   , -   , -   
R0580, -   , -   , -   ," 282,485 ", 19.08 ," 68,980 "," 987,515 "," 1,403 "," 48,826 "," 361,817 ", -   , -   , -   , -   ," 61,559 "," 81,096 ", -   , -   
R0590, -   , -   , -   ," 8,096 ", -   ," 16,674 "," 14,768 ", 7 ," 1,401 "," 21,635 ", -   , -   , -   , -   ," 3,117 "," 4,480 ", -   , -   
R0600," 4,456,116 "," 12,476,979,073 "," 15,217,468 "," 5,043,704 "," 17,107,157.72 "," 1,180,570 "," 60,159,671 "," 4,965,091 "," 3,718,220 "," 135,431,267 "," 7,203,456 "," 15,853,728 "," 2,531,272,682 "," 2,408,296 "," 1,749,163 "," 1,749,477 "," 7,998,276 "," 4,440,697 "
R0610, -   ," 16,065,479 ", -   ," 9,351 "," 90,925.95 ", (223), -   , -   , 234 ," 2,617 ", -   , -   ," 2,686,792 ", -   ," 12,902 ", -   , -   , -   
R0620, -   , -   , -   , -   , -   , -   , -   , -   , -   , -   , -   , -   , -   , -   , -   , -   , -   , -   
R0630, -   ," 5,516,596 ", -   ," 8,769 "," 80,533.18 ", (359), -   , -   , 232 ," (18,084)", -   , -   ," 2,630,506 ", -   ," 11,649 ", -   , -   , -   
R0640, -   ," 10,548,883 ", -   , 582 ," 10,392.76 ", 136 , -   , -   , 3 ," 20,700 ", -   , -   ," 56,285 ", -   ," 1,253 ", -   , -   , -   
R0650," 4,456,116 "," 12,460,913,594 "," 15,217,468 "," 5,034,353 "," 17,016,231.77 "," 1,180,793 "," 60,159,671 "," 4,965,091 "," 3,717,986 "," 135,428,650 "," 7,203,456 "," 15,853,728 "," 2,528,585,890 "," 2,408,296 "," 1,736,261 "," 1,749,477 "," 7,998,276 "," 4,440,687 "
R0660, -   , -   , -   , -   , -   , -   , -   , -   , -   , -   , -   , -   , -   , -   , -   , -   , -   , -   
R0670," 4,384,020 "," 12,333,380,528 "," 14,962,506 "," 4,942,186 "," 16,878,913.50 "," 1,128,210 "," 59,669,820 "," 4,941,331 "," 3,671,453 "," 132,246,840 "," 7,122,137 "," 15,602,961 "," 2,462,762,464 "," 2,351,447 "," 1,668,580 "," 1,722,542 "," 7,919,147 "," 4,368,246 "
R0680," 72,096 "," 127,533,066 "," 254,962 "," 92,167 "," 137,318.27 "," 52,583 "," 489,851 "," 23,760 "," 46,533 "," 3,181,809 "," 81,319 "," 250,767 "," 65,823,426 "," 56,849 "," 67,681 "," 26,935 "," 79,129 "," 72,441 "
R0690," 4,638,370 "," 4,865,316,234 "," 8,642,741 "," 1,236,819 "," 5,244,918.21 "," 41,083,008 "," 13,076,800 "," 1,277,505 "," 649,086 "," 16,267,757 "," 34,145,935 "," 6,532,512 "," 1,618,283,563 "," 1,429,003 "," 347,431 "," 670,552 "," 20,679,190 "," 5,577,792 "
R0700, -   , -   , -   , -   , -   , -   , -   , -   , -   , -   , -   , -   , -   , -   , -   , -   , -   , -   
R0710," 4,563,783 "," 4,840,887,687 "," 8,597,760 "," 1,212,634 "," 5,220,486.92 "," 40,459,819 "," 12,913,042 "," 1,271,425 "," 641,683 "," 15,925,976 "," 33,940,382 "," 6,493,565 "," 1,577,366,250 "," 1,412,929 "," 339,770 "," 667,941 "," 20,646,459 "," 5,530,992 "
R0720," 74,587 "," 24,428,547 "," 44,980 "," 24,185 "," 24,431.29 "," 623,190 "," 163,758 "," 6,080 "," 7,403 "," 341,781 "," 205,553 "," 38,946 "," 40,917,313 "," 16,074 "," 7,662 "," 2,610 "," 32,731 "," 46,798 "
R0740, -   , -   , -   , -   , -   , -   , -   , 897 , -   , 636 , -   , -   ," 31,904 ", -   , -   , -   , -   , -   
R0750, 91 ," 5,378,540 "," 11,609 "," 48,807 "," 7,697.41 "," 14,327 "," 168,818 ", -   ," 12,934 "," 12,112 "," 4,583 "," 2,702 "," 3,178,712 "," 1,289 "," 27,951 "," 38,158 "," 4,006 "," 51,247 "
R0760," 2,545 "," 1,559,144 ", 928 ," 26,899 "," 7,025.18 "," 1,275 "," 47,161 "," 2,902 "," 8,437 "," 1,547 "," 2,726 "," 1,197 "," 374,193 ", 122 ," 5,844 "," 8,379 ", 17 ," 1,122 "
R0770, -   ," 414,006 ", -   ," 2,716 ", 314.00 ," 42,362 "," 2,592,760 ", -   ," 40,343 ", 118 , -   ," 8,640 "," 124,035 ", -   ," 10,241 "," 20,273 ", 406 ," 25,231 "
R0780," 111,117 ", -   ," 86,297 "," 405,927 "," 107,773.79 "," 630,425 "," 1,408,768 "," 44,381 "," 18,242 "," 4,267,500 "," 293,874 "," 198,408 "," 137,614,886 ", -   ," 223,288 ", -   ," 327,493 "," 89,540 "
R0790, -   ," 48,749,054 "," 4,714 ", 199 , 301.50 , 20 ," 294,732 ", -   , -   , -   , 214 ," 4,828 ", -   , -   , -   , -   ," 1,045 ", -   
R0800, 100 , -   , -   , -   , -   , -   , -   , -   , -   , -   , -   ," 2,655 ", -   , -   , -   , -   , -   , -   
R0810, 502 , -   , -   ," 11,382 ", -   , -   ," 600,930 "," 3,282 "," 51,561 "," 14,864 "," 4,197 "," 500,000 "," 79,839,617 ", 143 ," 12,871 "," 3,327 ", -   ," 3,744 "
R0820," 94,531 "," 98,244,436 "," 63,965 "," 170,981 "," 122,982.03 "," 90,370 "," 751,667 "," 8,647 "," 38,327 "," 459,197 "," 230,860 "," 222,077 "," 8,627,254 "," 47,386 "," 24,439 "," 49,247 "," 35,845 "," 37,135 "
R0830, 796 ," 192,261 ", 187 ," 6,452 ", 416.85 ," 9,779 "," 24,216 ", 74 ," 16,887 "," 45,025 "," 3,656 "," 2,538 "," 5,021,731 ", 294 ," 10,858 "," 9,790 ", 21 ," 3,101 "
R0840," 75,793 "," 120,454,906 "," 152,361 "," 147,640 "," 160,958.92 "," 410,207 "," 1,365,210 "," 64,849 "," 37,979 "," 177,820 "," 163,373 "," 132,811 "," 41,169,184 "," 14,230 "," 107,448 "," 68,813 "," 137,820 "," 19,918 "
R0850," 107,122 "," 129,110,000 "," 688,297 ", -   ," 498,179.74 ", -   ," 245,610 "," 8,000 "," 196,728 "," 1,057,748 "," 139,264 "," 455,175 ", -   ," 73,120 "," 245,709 "," 179,475 "," 90,010 ", -   
R0860, -   , -   , -   , -   , -   , -   , -   , -   , -   ," 3,144 ", -   , -   , -   , -   ," 3,784 ", -   , -   , -   
R0870," 107,122 "," 129,110,000 "," 688,297 ", -   ," 498,179.74 ", -   ," 245,610 "," 8,000 "," 196,728 "," 1,054,604 "," 139,264 "," 455,175 ", -   ," 73,120 "," 241,925 "," 179,475 "," 90,010 ", -   
R0880," 3,769 "," 12,064,973 "," 132,358 "," 45,854 ", -   ," 42,483 "," 1,228,978 "," 1,880 "," 35,598 "," 774,801 "," 57,999 "," 81,867 ", -   ," 16,883 "," 53,155 "," 12,066 "," 77,292 "," 30,708 "
R0900," 9,490,852 "," 17,758,462,627 "," 25,000,925 "," 9,485,371 "," 23,257,744.44 "," 43,625,916 "," 92,286,438 "," 6,378,916 "," 6,142,835 "," 159,130,634 "," 42,250,136 "," 23,999,137 "," 4,425,537,762 "," 3,990,766 "," 4,570,073 "," 4,518,565 "," 29,351,421 "," 10,280,225 "
R1000," 689,127 "," 1,236,567,870 "," 1,342,138 "," 4,045,341 "," 1,209,778.16 "," 3,018,357 "," 19,758,459 "," 890,989 "," 828,068 "," 12,650,497 "," 1,422,400 "," 1,763,031 "," 414,906,523 "," 285,437 "," 1,248,751 "," 809,509 "," 1,445,443 "," 696,507 "
